{
  "Andhra Pradesh": 16.249396063877242,
  "Andaman and Nicobar Islands": 10.186102606000048,
  "Bihar": 25.90844513275855,
  "Chandigarh": 30.73326650694372,
  "Chhattisgarh": 20.958152574281854,
  "Delhi": 28.657346706984924,
  "Goa": 15.329739996534386,
  "Gujarat": 22.390503706309964,
  "Haryana": 29.29344483126394,
  "Himachal Pradesh": 31.807193203503516,
  "Jammu and Kashmir": 33.897996219547814,
  "Karnataka": 15.04293223673335,
  "Kerala": 10.525229553007051,
  "Ladakh": 34.152588,
  "Madhya Pradesh": 23.962930405963448,
  "Maharashtra": 18.8277528956296,
  "Manipur": 24.769062782021763,
  "Mizoram": 23.224332482374557,
  "Odisha": 20.176843675645102,
  "Puducherry": 11.455302435772268,
  "Punjab": 31.03926850074069,
  "Rajasthan": 26.620069377799524,
  "Tamil Nadu": 10.77222336758263,
  "Telengana": 17.123184,
  "Uttarakhand": 30.085476993671897,
  "Uttar Pradesh": 27.152981167396916,
  "West Bengal": 24.402508335403155
  }