{
  "Andhra Pradesh": 80.74862206352185,
  "Andaman and Nicobar Islands": 93.15277067000005,
  "Bihar": 85.81024580290145,
  "Chandigarh": 76.76552656449931,
  "Chhattisgarh": 82.31128624906111,
  "Delhi": 77.0872123548163,
  "Goa": 74.00107852529374,
  "Gujarat": 71.31093488914493,
  "Haryana": 76.02577843622583,
  "Himachal Pradesh": 77.29748375836871,
  "Jammu and Kashmir": 76.63741988100006,
  "Karnataka": 76.32975935210584,
  "Kerala": 76.12643659801603,
  "Ladakh": 77.577049,
  "Madhya Pradesh": 78.41705366399535,
  "Maharashtra": 76.77199039033388,
  "Manipur": 93.85202843938632,
  "Mizoram": 92.84258060700009,
  "Odisha": 84.43570824513938,
  "Puducherry": 77.53475996200007,
  "Punjab": 75.37832401215817,
  "Rajasthan": 73.84407657553248,
  "Tamil Nadu": 78.29429100910343,
  "Telengana": 79.208824,
  "Uttarakhand": 79.29053999553955,
  "Uttar Pradesh": 80.83266849165753,
  "West Bengal": 87.85869957912226
  }